year-month,EU,PU,EPU,RPU,REPU
1985-1,119.6369153,134.8624538,129.8431836,110.5672339,83.52164541
1985-2,62.62585018,93.05381527,85.20081873,103.8519008,46.59118816
1985-3,115.2486069,123.1509835,123.0976949,129.2861216,127.0003122
1985-4,100.3452321,109.2505808,115.2696664,161.2352223,126.0679811
1985-5,109.8175713,133.3661393,143.0976744,98.78050811,81.95101735
1985-6,103.0323429,120.9233068,122.1698888,109.9835648,92.73208506
1985-7,116.7597269,135.85111,139.3882312,100.3631797,76.97408697
1985-8,113.4176301,115.5780905,120.8605274,94.00551546,64.63501519
1985-9,104.1382477,113.7071753,112.4768974,90.3027349,56.14016356
1985-10,79.72942154,95.16811448,92.97878631,79.16154353,74.25464424
1985-11,69.63780315,118.3642183,80.07000089,105.440729,60.30479662
1985-12,93.86277996,101.6614914,100.8036185,61.11635815,42.90337791
1986-1,116.8321588,136.3564866,151.6830892,157.2391718,185.5650575
1986-2,92.94941972,122.9752299,111.9261184,122.4919454,98.3438975
1986-3,93.34319047,130.5479876,119.0174603,86.81281576,121.2600079
1986-4,83.17666117,106.8924819,105.4479922,111.3067851,157.8280399
1986-5,101.2943407,122.6939,133.6158236,63.23047335,35.91022891
1986-6,124.0597475,132.9840324,141.4907558,154.9552461,220.2364956
1986-7,109.0160207,111.1878014,127.8951816,50.01273539,37.7426089
1986-8,125.5776804,125.9488644,156.3984838,90.37080704,85.27316667
1986-9,106.9936838,120.0973068,124.8710594,106.0873508,99.0900007
1986-10,80.94132636,107.283694,95.00277196,66.33663555,27.4687721
1986-11,96.63457891,123.6618936,123.3920588,171.2003349,188.2898395
1986-12,94.47681779,115.4882595,103.5134123,77.03279551,67.61421877
1987-1,102.2463452,99.37808569,110.815167,100.0802683,111.4952175
1987-2,90.03413071,109.6077582,85.09164743,48.02814936,37.90913575
1987-3,83.97308473,93.44152721,81.91673448,107.7597494,107.2273805
1987-4,85.65006069,98.88743336,97.48402892,71.99678408,63.87540341
1987-5,92.16587934,100.8946516,87.49176652,71.88546026,74.04354087
1987-6,117.93513,139.0759782,120.2501147,159.4299116,97.52533836
1987-7,71.59038981,102.7803243,76.80725368,107.7125614,111.6282632
1987-8,73.81848794,94.2182128,60.12448839,119.4488169,54.00994643
1987-9,70.39020249,98.16539965,59.21239406,76.23501135,41.82984372
1987-10,132.6494494,141.3515054,158.7435715,101.7723112,134.5145554
1987-11,147.3932963,164.1818529,185.0072787,175.2738548,160.1476632
1987-12,167.7377293,144.7658165,165.8711524,119.1177858,145.7460031
1988-1,138.8617412,123.9324286,146.1759431,107.1677248,130.6437988
1988-2,104.1612349,96.92709112,89.40913051,98.33359667,85.90864213
1988-3,98.96177827,115.5235793,95.39980801,94.13810464,75.92185137
1988-4,91.42656756,120.8380966,84.45884583,135.5762942,93.54894257
1988-5,108.9376057,110.3160012,114.1974838,86.77955064,96.88113181
1988-6,80.1773917,98.76468542,81.66509204,95.69975958,94.05412848
1988-7,93.92184736,99.98191926,85.53811615,82.97598386,57.63236084
1988-8,100.743474,94.87208202,95.73274743,60.47020747,81.51137047
1988-9,96.61887115,98.47098361,83.72919489,110.3581271,104.1365956
1988-10,82.62885827,92.17341942,86.45993137,131.8539915,113.2343526
1988-11,91.60888205,110.5572341,105.1976617,98.38148147,66.8793103
1988-12,87.73305488,96.55694793,84.52890671,128.5234323,144.8811114
1989-1,73.34794277,91.27368844,79.99529037,93.50626888,57.06577198
1989-2,46.8478776,81.94567847,43.15946163,87.01521492,63.32476884
1989-3,70.1971327,89.3116587,75.62936655,117.6466419,99.3834305
1989-4,84.25904201,84.36259383,74.20255182,79.22260208,94.65562844
1989-5,93.63026612,90.59842435,90.66485158,54.05311562,86.32799787
1989-6,100.683348,113.0638744,102.1968354,125.4960181,114.5088686
1989-7,79.21692063,85.897272,78.36451908,87.18747309,107.8026844
1989-8,75.34784268,92.33150938,72.82123749,119.3331293,94.33022459
1989-9,88.44441618,92.43615036,79.29158638,108.6582195,98.02978378
1989-10,85.63401612,87.73937547,73.84989775,96.24791999,79.96004959
1989-11,112.851565,102.8202317,107.2958379,106.4476842,96.54557993
1989-12,87.00451895,84.8103075,82.24810976,114.0004017,137.5038862
1990-1,94.85632099,93.26463929,90.50784672,113.4398261,97.23090914
1990-2,127.1653486,119.20195,123.2563378,189.0582102,213.9438073
1990-3,108.2841029,99.8446875,103.7429813,127.7824419,136.3890702
1990-4,108.4822039,95.64087701,87.89681191,88.70387131,93.06534344
1990-5,104.8500257,98.28220353,99.834144,94.32945221,64.33662771
1990-6,92.47026975,105.6284375,98.57277822,116.7669207,119.3316959
1990-7,91.17350395,95.61710241,86.36998452,100.6554828,121.8037
1990-8,170.5936069,118.8651331,149.9863956,152.8185896,260.7993078
1990-9,156.2994927,121.062894,140.7769942,142.8858635,221.3444585
1990-10,163.2498071,124.8883473,145.3450457,150.4825569,182.6240417
1990-11,159.267497,119.4885343,146.0540329,111.0390669,131.8497157
1990-12,174.2344035,121.4673468,150.3237092,128.3565412,143.8998302
1991-1,204.6977179,157.7015816,200.9681585,148.7877252,219.6009426
1991-2,140.7491239,111.7526302,115.3185914,71.33263216,78.31650868
1991-3,120.5518695,80.96672935,100.8921349,101.072049,121.4746353
1991-4,108.9227842,101.3065308,101.8301181,139.0411085,105.6142764
1991-5,106.4031786,102.1927978,95.0528791,83.42345073,73.82826509
1991-6,105.5031542,96.05801222,101.7691182,98.08335548,99.10744055
1991-7,96.1829747,102.3545086,87.95114157,65.23188844,60.51815627
1991-8,124.4476938,103.792025,103.2080162,92.16915183,59.75829372
1991-9,118.9657467,113.3319143,137.6758208,144.7139653,162.9726561
1991-10,120.1348879,98.63472784,112.9449509,117.6124973,133.5553547
1991-11,136.399649,111.8521602,131.7005761,123.7205405,145.2287261
1991-12,166.884107,125.8645675,171.228466,72.54634563,99.43763391
1992-1,134.6511985,98.26370483,122.2673525,72.24451724,88.45794798
1992-2,153.2193732,117.1520535,158.0810584,122.2506701,170.7610076
1992-3,132.3045531,104.1364909,129.7724301,102.7023261,128.9756445
1992-4,104.71612,77.68459866,88.82517506,56.85325257,73.13928136
1992-5,98.67084746,73.53186702,82.77824994,75.13717571,100.1856804
1992-6,133.1153192,116.8769113,127.2292514,82.06954741,80.58768792
1992-7,121.8797041,93.17247376,101.2327599,63.88635188,63.2469689
1992-8,123.4470896,103.9041824,116.3952392,82.53347561,118.0215444
1992-9,169.0793665,107.7670499,154.073213,32.36996767,40.57143749
1992-10,162.4619647,118.8471526,165.33138,84.79943097,129.85265
1992-11,121.9057279,90.75767981,115.5594374,70.5126263,63.15894088
1992-12,100.1802644,81.88636241,90.02079985,72.40165653,79.70476036
1993-1,103.9696694,98.24977211,101.7672705,83.68410583,89.80953851
1993-2,111.8307935,101.4637543,131.9138481,168.0845067,256.5927368
1993-3,112.8953294,106.5700177,126.97151,114.1668234,137.8474477
1993-4,95.77178416,83.83787708,89.45871026,94.27327539,115.5483845
1993-5,130.8760145,117.6456023,139.8853201,74.09645325,100.1318604
1993-6,136.842552,115.3169149,138.0045687,91.90350675,129.6656286
1993-7,120.5686444,103.891659,125.2003749,115.6916061,183.936267
1993-8,114.8788769,94.67758103,118.9388398,66.03817364,88.37580054
1993-9,110.2502285,109.6121688,109.3927896,76.68899691,93.14111708
1993-10,103.5537465,93.12429187,91.87354607,88.50492988,100.2045006
1993-11,104.2304314,95.3815886,113.3886341,52.96719375,87.02408017
1993-12,101.8331633,81.4818547,94.43555134,81.6643846,119.7261203
1994-1,106.0299569,81.02026311,88.37909637,60.19270364,84.64783491
1994-2,82.22955742,89.19940663,103.3963332,85.49618909,110.5147997
1994-3,101.0180423,95.57677071,105.4996314,68.9552959,74.97915875
1994-4,100.4534896,94.38595861,85.91273484,53.58909078,76.88866066
1994-5,100.1349471,96.87805004,98.2686816,82.93020284,53.93171434
1994-6,94.79213403,92.31127843,97.01658149,80.58744336,50.46343268
1994-7,84.69772178,89.95931313,84.60033274,63.71335587,35.83947922
1994-8,100.1250268,102.1401706,109.677628,69.80026599,76.02621282
1994-9,89.72903157,110.3189547,94.77120743,99.3588907,81.61788232
1994-10,97.58463676,83.79277599,89.7267385,68.17814132,94.27341388
1994-11,90.10977882,82.37165522,96.8669127,89.93143847,96.17780506
1994-12,103.1483418,116.7950148,106.6511921,134.7614741,110.2518211
1995-1,106.683815,97.5911244,125.1212099,122.3297188,119.2694454
1995-2,87.8368184,90.64986912,92.91726495,114.3460912,199.9276414
1995-3,72.48880442,104.905062,88.94999644,171.2547731,150.5956516
1995-4,71.30566105,72.4384564,64.93563669,101.2462708,91.33781022
1995-5,66.66325483,91.62495351,64.68526771,52.20880385,73.03567077
1995-6,89.81693818,96.00633597,83.87533563,95.21761394,133.04028
1995-7,89.84673099,97.23195823,100.6329068,158.4643057,181.8239679
1995-8,55.05901332,69.91113794,55.62907347,59.60006549,47.9147285
1995-9,68.05947095,93.73128629,78.14062178,111.3266825,94.37872748
1995-10,80.79409931,73.6511706,80.30293533,63.63677356,59.87353772
1995-11,86.23510895,102.5354023,101.6355324,92.33764716,82.23663156
1995-12,72.46892639,96.15433276,82.08203918,126.2746474,132.3227158
1996-1,84.8589616,90.68999361,98.09519868,131.0020047,86.26072679
1996-2,84.41569785,78.60322959,90.69249923,64.7695643,91.45063445
1996-3,77.31808003,88.6848899,82.76223029,95.37408459,73.36765961
1996-4,71.69748413,71.70415881,56.73715669,89.26738803,57.24617414
1996-5,75.1464709,86.28206783,79.01272495,83.78050155,115.061138
1996-6,99.33582222,85.57959569,103.5890729,101.9102492,108.0332993
1996-7,70.64280288,91.72655702,80.54827335,91.85361005,51.09391262
1996-8,86.55670711,91.1319732,103.1899221,103.2358769,106.0487676
1996-9,74.07455473,85.44648616,87.72882522,91.01771558,31.95270974
1996-10,57.4357649,73.36170047,63.1923803,91.87221829,116.0268666
1996-11,63.37388185,79.30397496,63.65138862,92.678755,88.67376514
1996-12,53.92993717,66.68831543,58.57218699,49.32265956,34.22607976
1997-1,75.29849813,86.46038616,80.16560316,83.81370628,73.49728425
1997-2,89.22193747,102.4301326,102.4580051,115.655126,113.4730668
1997-3,64.53312133,77.83684021,80.78419261,78.11313141,59.96171821
1997-4,65.88372573,96.05507071,61.86306087,52.6120471,21.06814663
1997-5,80.99652984,102.1778618,100.6839091,88.67188241,83.75850214
1997-6,88.4072265,94.93074025,95.79561955,123.3499541,80.07969835
1997-7,68.38814407,96.81059216,85.46674074,95.18411137,44.22426734
1997-8,58.98221052,65.3121836,53.36876214,76.71591974,64.92788662
1997-9,52.31161376,80.12949684,43.85742517,101.9392849,40.57464637
1997-10,87.7803036,94.60747284,102.9573519,93.38619249,124.4901842
1997-11,82.19266082,79.85078954,88.71070304,86.93079529,82.08433646
1997-12,113.2107201,85.48680394,94.28251748,111.8312683,104.0681958
1998-1,110.0589112,114.0281529,110.901364,94.88086802,85.15191978
1998-2,96.9715167,89.55684393,110.152757,65.7099605,94.02145726
1998-3,87.84041624,94.6698841,95.90357722,54.47261415,77.712565
1998-4,75.03030194,82.91440592,72.57983684,72.26230868,72.0123927
1998-5,94.61841828,88.51481828,82.02381628,142.5073081,107.5440571
1998-6,77.65444615,85.49426411,75.65316632,89.90918514,110.8414477
1998-7,84.01286154,99.28400655,103.2058064,105.6294073,105.5731741
1998-8,139.7051781,117.6320848,144.4269007,125.2090626,168.2159248
1998-9,154.9313633,141.006535,167.8667601,102.3538674,94.25941191
1998-10,114.0946738,96.41469844,117.0569417,52.09434863,67.1898951
1998-11,138.9841216,117.8290093,131.9568614,105.0085343,143.2191678
1998-12,111.5878524,113.3429366,126.1118623,108.9361714,119.5655026
1999-1,115.2713225,115.4389757,112.9239396,131.3205851,143.1791242
1999-2,77.67157476,98.05166712,98.95148062,82.34977638,109.8863406
1999-3,65.76173896,73.3126945,57.33633683,60.7321406,20.16922789
1999-4,49.59125819,73.22683633,45.92629675,106.6044725,52.75675208
1999-5,72.88476886,82.22595382,66.87002273,49.37415475,27.30075713
1999-6,65.81152397,96.6296142,76.71748113,117.2405711,85.9279552
1999-7,74.06073646,88.62767356,84.28164366,78.74325897,78.74861815
1999-8,69.85008286,46.79869469,53.82619243,46.8827002,62.9689989
1999-9,65.72457401,78.9527841,65.09593429,56.79150792,0
1999-10,63.4500057,74.67317961,62.72444396,80.93107813,39.61223207
1999-11,69.39587654,70.93466065,57.0571614,105.6792609,90.67715587
1999-12,76.45404635,79.5516625,74.49295152,89.62208108,75.39761544
2000-1,69.82546286,78.62015805,76.10728139,75.22246716,95.3186774
2000-2,58.27545433,69.54890998,63.27272713,76.9534754,55.43593338
2000-3,70.09868901,81.70831293,66.12900421,145.748468,129.8789377
2000-4,75.11109716,73.02144566,59.99997491,106.9795663,91.5923028
2000-5,102.9409928,100.8576545,121.0494379,125.6783431,130.90454
2000-6,111.5935712,119.8249188,126.0311829,164.9868424,175.6018178
2000-7,67.86777529,81.96577619,69.52608954,92.02180806,50.74239908
2000-8,49.55620919,61.65250207,51.35930698,100.5245874,86.99343787
2000-9,90.00962596,85.15860295,78.72620088,117.9879268,176.96978
2000-10,74.42954158,77.47866788,58.49378499,110.5024143,91.35418082
2000-11,118.5352905,188.5324006,131.6344567,155.6451537,73.71225352
2000-12,127.0669113,152.1342303,133.9065363,117.5666625,164.4702743
2001-1,127.9208787,103.6149042,129.4858227,115.0172364,123.2722435
2001-2,92.45375315,97.54059727,104.4177274,64.89592016,40.88749216
2001-3,124.5431886,105.1772343,120.1690828,134.4395283,138.5231801
2001-4,149.2256017,107.1341502,129.6343533,97.35129065,116.1381628
2001-5,102.9167196,101.3192863,114.5107358,179.8319011,237.6385321
2001-6,91.54912176,104.9454669,93.33699874,121.3068816,126.8826938
2001-7,117.1130912,105.1173043,97.39365473,119.5846602,118.0002015
2001-8,90.84380647,78.55175163,86.83967418,97.36763823,98.02804943
2001-9,226.7949903,149.9563914,203.5891615,167.8233907,210.9915915
2001-10,241.0416156,142.9472128,183.2288231,119.5933959,156.7080762
2001-11,163.9567517,136.8817274,157.3767373,159.1686554,206.5629059
2001-12,147.5119117,106.7115383,131.1414665,147.7514603,175.2245028
2002-1,122.2503302,88.8140472,117.7814716,113.3253122,99.24809922
2002-2,107.9994736,99.62001843,101.338567,98.59330468,97.40253763
2002-3,73.7452372,91.53077871,89.06710279,129.4945862,126.7581988
2002-4,100.966146,89.34045786,98.36407497,125.8569208,159.1573267
2002-5,91.31157303,90.44397367,82.69406788,88.42817682,68.31019858
2002-6,101.4990036,110.8843733,102.6271412,185.0067286,157.0117983
2002-7,134.0563766,123.2634774,143.9572881,208.1703198,210.2796782
2002-8,115.1668605,91.81166397,103.9026741,124.0624814,88.61940938
2002-9,135.5376649,118.8371381,136.7950905,112.9111718,131.3723162
2002-10,140.5118317,88.79197592,101.2403506,115.8545759,85.12142557
2002-11,144.9325995,126.5007009,135.20055,124.9627346,115.5346828
2002-12,142.9740837,110.3813674,127.6877093,101.9584836,115.3364664
2003-1,129.7270864,106.8438805,116.663024,77.41520716,76.38011123
2003-2,168.6381485,132.2932452,151.7446827,88.3719841,116.9038959
2003-3,180.8826209,142.3315005,174.6405271,101.1207981,61.36269254
2003-4,173.5094748,117.118796,137.6495877,103.3523546,127.8809682
2003-5,124.9760542,109.8383294,111.3884211,79.37204571,94.34636268
2003-6,99.77095627,114.5534019,91.19447756,162.8862414,49.83819743
2003-7,88.62094083,89.43072032,70.77065016,113.4202047,63.23831044
2003-8,82.38563465,75.56422984,76.31355428,95.93108285,88.48521042
2003-9,86.62402112,101.1611972,94.81094978,101.6487912,112.680907
2003-10,68.48667831,83.03232931,46.83936735,134.6872814,39.19033944
2003-11,58.73422347,80.82354815,55.82055208,83.91052146,74.03039877
2003-12,84.89026222,73.65143494,70.55312971,119.8176529,62.66628716
2004-1,67.19529941,70.45798297,61.02412206,76.87759814,84.91245413
2004-2,82.77287582,119.7651804,99.55145974,99.62598969,84.31933084
2004-3,66.29087126,95.39093012,55.15841486,79.48080876,51.93304626
2004-4,68.43777478,88.96321225,67.79375024,100.8724869,42.61947546
2004-5,87.93338529,101.0264611,89.96078285,74.53700242,43.24989173
2004-6,66.46535345,106.9791911,77.19565989,131.1170733,141.6060221
2004-7,81.44240046,101.4435244,76.61293298,89.40196402,47.43548584
2004-8,86.56607182,90.73129365,74.47015629,99.11717892,113.4244604
2004-9,83.96753787,97.95129873,94.02905784,96.55896802,86.69473282
2004-10,101.6188422,99.10283557,104.5658279,88.39626343,123.6313295
2004-11,83.96481113,102.4894034,100.9371831,83.08324707,52.00642702
2004-12,70.65596712,84.01774522,69.96423494,98.31238288,100.1514102
2005-1,57.20654378,85.01466825,56.03857749,94.04981233,100.415992
2005-2,57.97066648,77.94625021,58.12731277,78.5204893,78.50668329
2005-3,45.6151206,96.65622491,48.91857623,112.6062456,60.17513583
2005-4,79.33217464,104.7735571,83.4117924,117.5374409,89.80044539
2005-5,74.2228997,92.81518163,74.5153454,55.98638019,37.46736595
2005-6,74.588511,105.8888236,70.13851196,120.937827,76.1191031
2005-7,67.17172231,84.26263707,72.99864655,128.1798188,163.467324
2005-8,64.22702256,81.81993981,62.13844237,88.93964289,34.08733735
2005-9,88.00759144,92.49740125,91.22505391,91.58264771,58.64149556
2005-10,60.55317417,97.07947752,66.327321,112.1627732,89.42780204
2005-11,48.21425687,81.3019748,52.80356376,55.47404473,39.85169549
2005-12,58.89518013,97.46104569,79.09097726,109.9657358,111.387482
2006-1,69.39301555,88.76801609,80.41071195,52.74608734,40.35165921
2006-2,49.96213322,66.81654149,50.04875677,49.30745548,61.25900097
2006-3,71.1507977,83.59623392,69.6796901,86.6692064,69.53491374
2006-4,74.11934363,104.4514572,91.70519669,110.7912813,120.6215332
2006-5,75.3049104,94.03920284,84.48513761,46.68771896,34.30111517
2006-6,66.42250617,100.8314994,89.25238591,98.05786721,63.02324063
2006-7,70.81086729,89.61395274,75.48125694,78.91324525,56.28955933
2006-8,75.20623949,92.44220514,87.34664831,92.64292725,76.63140827
2006-9,55.79216351,73.53878365,51.26088439,68.90179644,80.32415177
2006-10,56.55255046,67.36505375,33.42974819,69.36259046,38.96814351
2006-11,59.30044346,67.04983913,55.4973102,76.55572608,90.77712124
2006-12,49.40049108,67.56245867,44.20046342,66.65110183,60.60454458
2007-1,54.52686208,88.76899381,76.46257148,111.0083095,155.3188035
2007-2,49.50223684,71.52359543,51.22511414,89.1663126,51.21731244
2007-3,55.84385573,82.41330248,63.29848277,56.77518011,25.16907859
2007-4,40.75315089,84.19478767,39.44048069,92.30048852,80.74041578
2007-5,53.29767501,98.50915081,61.86891962,119.480829,54.43773481
2007-6,50.16020452,82.49213123,43.28156323,75.09542954,61.16593343
2007-7,43.34603571,69.559295,43.53037386,26.41258376,38.49019191
2007-8,85.11374142,95.36673095,95.73230194,72.91319693,67.51478789
2007-9,77.94701918,109.5516113,88.75749113,98.58415601,93.45052004
2007-10,79.55480213,101.2836883,94.64085085,67.88575994,51.88455285
2007-11,128.2107552,125.9599734,117.3457525,81.20958073,74.23278822
2007-12,146.6612493,106.2628864,160.6922513,78.94182283,127.3451479
2008-1,157.2397193,126.0548729,169.0753217,92.75013301,75.04594752
2008-2,125.8362976,101.1122334,114.9268506,74.80800218,90.12229478
2008-3,118.8189404,112.7830201,137.0591919,132.2576275,172.9151781
2008-4,114.3525754,73.79364175,80.75801171,78.36365895,86.61970374
2008-5,139.3651386,91.48071755,113.3839536,60.39866917,101.5996163
2008-6,104.8089921,85.09329114,96.08972035,78.55732152,109.8049087
2008-7,146.2731072,100.0667583,140.4158082,125.1250344,115.1709847
2008-8,113.390035,84.09016027,93.10496164,61.01859701,58.99746471
2008-9,191.9956992,151.4028223,210.9746318,284.878162,361.5158827
2008-10,271.7614561,143.0914113,222.2174376,167.4304754,319.5669338
2008-11,220.8092923,120.3494278,166.3137979,130.8910126,206.4038866
2008-12,216.4226941,142.9551258,200.8640931,139.2375649,250.6748394
2009-1,201.1267373,120.2758169,166.1119841,120.8835999,191.632442
2009-2,236.1493473,130.4943911,215.4643865,121.9611301,216.6822963
2009-3,203.6848235,118.0235832,173.9468006,150.6557273,215.4850815
2009-4,166.937504,106.5617562,141.003596,144.6480172,193.9195254
2009-5,121.3039978,95.8291353,110.4236858,146.2415628,178.9470829
2009-6,126.9455455,101.8268597,110.208526,142.0444295,94.51982299
2009-7,108.7886172,106.3258625,92.75708242,97.81073157,131.5739856
2009-8,98.1596332,112.908318,90.96389613,111.0648911,73.84221299
2009-9,99.73720535,91.9166506,104.8374465,69.09536946,98.88808692
2009-10,113.8652854,111.7954972,111.2637329,99.69564359,115.108832
2009-11,124.3958082,96.07772055,93.77475924,44.77065208,64.22628594
2009-12,127.5076801,115.3289242,112.7607416,130.2057732,150.649201
2010-1,126.9408203,93.67616888,132.1297455,104.1529796,142.2478991
2010-2,120.4030589,99.88292298,126.443321,101.2722765,129.1147243
2010-3,136.9935806,151.9883994,137.1370189,54.41465744,65.14516677
2010-4,153.5575514,137.8482537,184.5564609,207.1700595,294.2068223
2010-5,190.3740387,186.8577495,221.8703135,319.828433,328.1573162
2010-6,138.9807648,150.9063253,178.7983785,282.4457015,330.5010478
2010-7,202.3847555,171.2220169,251.652667,308.9253992,380.8143865
2010-8,172.2876433,147.4193893,168.8847316,113.7309567,127.553432
2010-9,233.5214861,172.1721547,254.5290397,188.6498981,232.2018255
2010-10,190.5795733,161.8524688,204.2439701,194.7779979,268.5083731
2010-11,167.78151,183.1611612,233.0357749,186.4743295,245.9519874
2010-12,175.6642059,170.9187157,200.1236625,110.3208394,115.3267117
2011-1,157.8968453,148.9986402,176.1203254,137.9920326,223.8034098
2011-2,132.8481085,131.9921947,135.8685848,159.1400393,122.1246173
2011-3,157.9041197,168.965403,175.2839383,168.7337561,159.1108547
2011-4,170.7491576,168.4299804,163.3014267,171.9563073,200.3942758
2011-5,127.3341654,135.5867765,114.8183497,72.53024429,101.0917619
2011-6,173.0387679,150.7206618,173.0347366,102.7178617,146.609854
2011-7,269.5252976,219.2207545,300.4795902,209.4738671,317.0492654
2011-8,357.2046162,233.3242461,370.6733561,259.9268059,400.6930049
2011-9,227.1743888,170.9881791,241.8719434,263.4901593,320.4941959
2011-10,245.308632,147.8380815,223.8369073,181.7292957,272.1064481
2011-11,263.9278081,139.1056035,182.1788077,146.4657395,154.4260294
2011-12,228.245295,183.315988,215.5790032,216.8805809,194.3972318
2012-1,211.8096144,172.9860109,207.2916212,187.2941411,217.6093002
2012-2,196.4139543,167.9902841,174.0529553,234.1142758,197.6401922
2012-3,164.8811321,152.5581427,150.3736759,180.6730634,196.8595567
2012-4,123.3482806,116.8386597,105.6501123,73.33356061,50.72863135
2012-5,227.7863408,161.5992936,183.6694341,152.8076135,243.2305647
2012-6,257.0818198,215.8207492,310.6869875,154.7070395,147.7453319
2012-7,242.039552,171.7834336,204.5685622,157.8889503,208.8668732
2012-8,175.8630261,151.7765701,161.3249642,173.6870503,157.5298389
2012-9,183.4617637,157.6542755,224.2328404,157.4535997,156.5870748
2012-10,195.1137583,164.9355939,199.256548,158.7898614,201.957934
2012-11,217.9623783,207.0494965,259.1308295,151.6887169,134.2780232
2012-12,244.1016856,226.1519425,292.8263805,272.0839802,327.8736631
2013-1,209.7756659,208.6332168,248.7637895,267.3056912,240.7378862
2013-2,184.7796661,158.9013385,173.2082554,131.6478157,128.2516067
2013-3,189.0627311,187.0423183,212.4072013,103.3395242,178.2004636
2013-4,158.2429016,165.4348488,161.3271525,160.8117601,96.77623092
2013-5,122.2859794,122.0805979,143.6241435,52.86588871,61.63659045
2013-6,114.2729669,150.1202913,138.9469963,144.9604332,155.6299118
2013-7,136.22768,152.5592493,150.0802609,162.2019849,124.8831576
2013-8,118.214075,105.9191666,131.9976766,81.95068316,157.8696655
2013-9,159.034605,175.0365671,211.9321974,180.3489252,243.5018743
2013-10,234.8511225,224.2710288,315.399992,202.6365559,306.1919032
2013-11,157.7019326,144.9170869,167.6207627,166.8861999,220.6505842
2013-12,160.2875461,178.7789906,168.1260439,145.969137,186.4763189
2014-1,130.7541963,141.7808575,156.3607904,163.7287237,248.7790858
2014-2,152.531592,184.4670364,180.326371,189.0573099,254.1336716
2014-3,157.061639,136.4490806,164.099267,201.7426986,139.0298934
2014-4,90.61132326,114.2083476,86.43205775,145.2113866,59.78724648
2014-5,134.7193015,140.2776895,132.0276183,125.1448224,148.0148446
2014-6,102.0896727,127.0841071,108.8464473,127.3545052,139.3884452
2014-7,106.2528989,116.8901918,118.1332002,209.2570856,292.359772
2014-8,87.6374234,96.97758422,76.46328404,184.4204155,88.17300101
2014-9,168.0062648,140.1924996,113.9832054,183.2248493,116.9776734
2014-10,129.901633,125.7361104,144.9787025,138.089485,152.2290508
2014-11,94.99734575,114.185442,95.05670592,159.5122507,186.2593689
2014-12,114.7281632,117.1456873,116.4949893,184.7585843,130.2867818
2015-1,148.119789,127.7866829,135.0234316,162.9697548,131.3117179
2015-2,113.1958855,189.1887038,105.9224062,181.8191962,95.86732711
2015-3,107.7739688,148.259595,128.8531951,82.52272574,73.98975585
2015-4,97.7614841,115.1066585,108.0476385,144.8997133,97.41058861
2015-5,126.4617692,149.9559735,125.636596,186.2995705,161.9036328
2015-6,113.4591116,137.1488961,111.8166827,136.1261782,124.2975944
2015-7,145.493324,141.3421996,127.8034656,112.9163924,112.6383061
2015-8,176.8552109,152.3933441,202.5033915,127.9603503,186.6493538
2015-9,182.1725197,170.0344186,210.1820363,154.1137135,161.7795263
2015-10,130.2665226,162.2165956,162.5954053,179.5268805,208.3013243
2015-11,104.4338957,123.0166989,108.0710272,140.2891155,144.3074378
2015-12,105.0884312,123.8335565,124.0802013,175.5026975,259.0941395
2016-1,172.1181883,148.8111153,156.868782,162.8769271,216.9323307
2016-2,138.3430593,151.4961839,156.4445154,190.2549352,286.4099723
2016-3,100.5066758,127.4906337,116.9368926,102.2921483,73.62076525
2016-4,122.1355786,139.362993,145.2334933,166.4403426,207.0153098
2016-5,106.1358566,149.4896475,128.0193563,149.5951702,117.7998595
2016-6,304.8375904,229.1723322,345.1591406,205.9495423,282.7231346
2016-7,199.0623238,171.9291525,203.7480424,141.5384721,269.5739281
2016-8,110.2253081,108.3280837,94.97477549,76.19127518,57.97224518
2016-9,115.5406197,110.2417517,116.2875772,148.3633732,205.2318867
2016-10,129.4781524,133.6922046,99.87744348,77.09579769,19.45118142
2016-11,312.7039329,320.6047421,349.8262549,338.1477127,385.6090695
2016-12,225.8068214,258.2733399,271.6044113,382.1416364,294.6359333
2017-1,212.9067543,269.731385,235.5337209,368.5194917,343.5560806
2017-2,213.3911937,297.8578689,252.9211728,286.0970457,379.4957158
2017-3,179.7116658,230.9148196,205.216589,279.8761848,323.7374452
2017-4,199.7998888,237.824595,241.640763,332.6320878,398.9935095
2017-5,197.1271388,293.8055581,258.215631,194.850382,273.4515458
2017-6,149.2721358,245.2631287,190.5533162,329.7710152,379.0648909
2017-7,159.4196658,256.9630293,193.8270048,264.6419542,262.7095531
2017-8,132.8215072,200.9283057,161.3164638,168.2353082,155.960344
2017-9,173.7112226,241.3058779,209.0506567,244.0705731,300.7075485
2017-10,164.082612,216.9134026,191.9650788,247.9113528,227.5979471
2017-11,204.9192753,214.9043473,201.9410791,302.3569004,359.058291
2017-12,182.7743838,252.2573315,206.2452993,168.5038324,67.88360522
2018-1,124.9143027,242.1044323,155.4374745,280.6035995,87.63951057
2018-2,132.5771203,207.0741108,156.0538349,156.5870543,142.7310544
2018-3,191.2081621,241.4986688,242.1920437,288.5553834,219.5046489
2018-4,175.8977403,241.4035783,232.9578965,208.6377536,250.1671686
2018-5,213.8443577,262.1849226,279.9242931,382.2589015,549.3265181
2018-6,175.437853,230.7026976,197.6401931,295.71551,237.4789834
2018-7,171.7199469,217.1003688,210.7519309,309.0474933,312.7933115
2018-8,169.4834339,180.5203148,190.234774,248.9048144,249.4923145
2018-9,134.3357518,188.5768011,166.0167163,191.4233951,68.96806888
2018-10,163.6495547,210.1949056,227.5894284,334.7955805,408.53565
2018-11,163.5068174,215.5313107,189.4063245,277.8740381,344.2863461
2018-12,214.582079,279.343562,317.1406442,387.7929091,338.4364839
2019-1,311.3937922,281.8614321,329.5020248,428.490298,625.6559933
2019-2,194.4327149,264.2872316,225.542985,296.8053417,209.4077892
2019-3,193.1943017,194.9373987,209.7563474,244.1654477,261.8957047
2019-4,127.0411302,172.4113575,121.8633431,182.306563,210.1749701
2019-5,133.7229176,185.9527713,150.7878939,158.5856741,170.1387454
2019-6,238.4098624,276.5373172,330.5689372,405.2556882,378.2084461
2019-7,216.1077636,220.8701971,280.7923818,281.5117766,494.6607062
2019-8,369.4230089,327.7648605,484.5204637,244.1114559,394.9170622
2019-9,216.0618588,259.6664921,289.5423818,284.9148711,392.8526309
2019-10,207.6732988,231.5576717,212.0468505,261.3689795,200.2492188
2019-11,173.6088373,195.7612409,183.7706823,99.20558282,168.1555567
2019-12,233.5505544,251.1687628,281.4345475,360.8556789,498.4678559
2020-1,217.5231309,248.1011813,237.3019709,257.2498677,209.5427628
2020-2,280.5972972,282.2190784,304.408322,330.9174679,472.8955334
2020-3,698.3692859,442.8873475,560.7762833,261.0441381,349.5937202
2020-4,773.3554111,498.8556823,667.1955044,417.701021,650.1255702
